{
  "camera": {
    "P": [
         1346.921142578125,                0.0, 989.50524902343750,
                       0.0, 1346.9993896484375, 542.64459228515625,
                       0.0,                0.0,                1.0
    ],
    "distortion": [
      0.173191,
      -0.547583,
      -0.00101086,
      9.34307e-05,
      0.526913
    ]
  }
}
